epoch,loss,lr,train_accuracy,acc_train_max_diff,validation_accuracy,validation_loss,acc_val_max_diff,test_random,test_accuarcy,acc_test_max_dif
1,0.0027063708815490244,0.001,0.5166027991130429,0.006621765841088756,0.5101059952131194,0.002710936775590941,0,0.5072657988882804,0.49273420111171967,0
1,0.0027063708815490244,0.001,0.5166027991130429,0.006621765841088756,0.5101059952131194,0.002710936775590941,0,0.5072657988882804,0.49273420111171967,0
2,0.0027058907453264844,0.001,0.5174958389321124,0.0072770303522945445,0.5093834471991587,0.0027100822200915547,0,0.5072657988882804,0.49245452320743943,0
2,0.0027058907453264844,0.001,0.5174958389321124,0.0072770303522945445,0.5093834471991587,0.0027100822200915547,0,0.5072657988882804,0.49245452320743943,0
