epoch,loss,lr,train_accuracy,acc_train_max_diff,validation_accuracy,validation_loss,acc_val_max_diff,test_random,test_accuarcy,test_loss,acc_test_max_dif
1,0.0027060940623817985,0.001,0.5163733182926626,0.0063922850207085435,0.5097898804570116,0.0027100538234139378,0.0,0.5072657988882804,0.49248948294547445,0.002725843164210744,0
1,0.0027060940623817985,0.001,0.5163733182926626,0.0063922850207085435,0.5097898804570116,0.0027100538234139378,0.0,0.5072657988882804,0.49248948294547445,0.002725843164210744,0
2,0.0027059478300655313,0.001,0.5170424069496746,0.006823598369856798,0.509596340810415,0.0027088085540404256,4.5159250872561785e-05,0.5072657988882804,0.49290899980189484,0.002723555550405166,0
2,0.0027059478300655313,0.001,0.5170424069496746,0.006823598369856798,0.509596340810415,0.0027088085540404256,4.5159250872561785e-05,0.5072657988882804,0.49290899980189484,0.002723555550405166,0
3,0.0027053980451713813,0.001,0.5173880105948253,0.007581161560027194,0.5104866231847593,0.00270797195833988,4.5159250872561785e-05,0.5072657988882804,0.49334016990432683,0.00272293691805278,0
3,0.0027053980451713813,0.001,0.5173880105948253,0.007581161560027194,0.5104866231847593,0.00270797195833988,4.5159250872561785e-05,0.5072657988882804,0.49334016990432683,0.00272293691805278,0
4,0.0027051362979770874,0.001,0.5179907433519683,0.007921235546855532,0.5106414549020367,0.002708182818129466,0.0007419019786203407,0.5072657988882804,0.49289734655588313,0.0027238558935515898,0
5,0.0027047985193717444,0.001,0.5183750546053759,0.008441023429162309,0.5130026385905153,0.002706946731686544,0.0027869709109911156,0.5072657988882804,0.49343339587242024,0.0027233226544919843,0
