epoch,loss,lr,train_accuracy,acc_train_max_diff,validation_accuracy,validation_loss,acc_val_max_diff,test_random,test_accuarcy,acc_test_max_dif
1,0.0027063708815490244,0.001,0.5166027991130429,0.006621765841088756,0.5101059952131194,0.002710936775590941,0.0,0.5072657988882804,0.49273420111171967,0
1,0.0027063708815490244,0.001,0.5166027991130429,0.006621765841088756,0.5101059952131194,0.002710936775590941,0.0,0.5072657988882804,0.49273420111171967,0
2,0.0027058907453264844,0.001,0.5174958389321124,0.0072770303522945445,0.5093834471991587,0.0027100822200915547,0.0,0.5072657988882804,0.49245452320743943,0
2,0.0027058907453264844,0.001,0.5174958389321124,0.0072770303522945445,0.5093834471991587,0.0027100822200915547,0.0,0.5072657988882804,0.49245452320743943,0
3,0.002705340686540285,0.001,0.5176727879984295,0.007865938963631414,0.5102608269303966,0.0027088847457164772,0.0,0.5072657988882804,0.49254774917553285,0
3,0.002705340686540285,0.001,0.5176727879984295,0.007865938963631414,0.5102608269303966,0.0027088847457164772,0.0,0.5072657988882804,0.49254774917553285,0
4,0.002704433469391118,0.001,0.518054334422676,0.007984826617563279,0.511499480668615,0.0027089585579287505,0.0015999277451985705,0.5072657988882804,0.493514968594502,0
5,0.0027041715613552843,0.001,0.5182727559264113,0.008338724750197701,0.5158025121446128,0.0027073469672610696,0.005586844465088614,0.5072657988882804,0.4956591658606505,0
5,0.0027041715613552843,0.001,0.5182727559264113,0.008338724750197701,0.5158025121446128,0.0027073469672610696,0.005586844465088614,0.5072657988882804,0.4956591658606505,0
