epoch,loss,lr,train_accuracy,acc_train_max_diff,validation_accuracy,validation_loss,acc_val_max_diff,test_random,test_accuarcy,acc_test_max_dif
1,0.0027074163660622866,0.001,0.5087810974159906,0.0,0.5101059952131194,0.002710554203343605,0.0,0.5072657988882804,0.49273420111171967,0.0
1,0.0027074163660622866,0.001,0.5087810974159906,0.0,0.5101059952131194,0.002710554203343605,0.0,0.5072657988882804,0.49273420111171967,0.0
2,0.002707593777577036,0.001,0.509455715731325,0.0,0.5095511815595425,0.0027099667614952313,0.0,0.5072657988882804,0.49273420111171967,0.0
2,0.002707593777577036,0.001,0.509455715731325,0.0,0.5095511815595425,0.0027099667614952313,0.0,0.5072657988882804,0.49273420111171967,0.0
3,0.0027070187761571566,0.001,0.5122951952798837,0.0024883462450855376,0.5105124284709722,0.002709356829330526,0.0,0.5072657988882804,0.49273420111171967,0.0
3,0.0027070187761571566,0.001,0.5122951952798837,0.0024883462450855376,0.5105124284709722,0.002709356829330526,0.0,0.5072657988882804,0.49273420111171967,0.0
4,0.0026961021678168213,0.001,0.5272833341627821,0.017213826357669326,0.5418787538627288,0.0027136825587406837,0.03197920093931239,0.5072657988882804,0.5358279048628996,0.028562105974619167
5,0.002649812857182095,0.001,0.5722201025198653,0.06228607134365172,0.5593682865935087,0.0026738312467026655,0.04915261891398448,0.5072657988882804,0.547737522286833,0.04047172339855265
5,0.002649812857182095,0.001,0.5722201025198653,0.06228607134365172,0.5593682865935087,0.0026738312467026655,0.04915261891398448,0.5072657988882804,0.547737522286833,0.04047172339855265
