epoch,loss,lr,train_accuracy,acc_train_max_diff,validation_accuracy,validation_loss,acc_val_max_diff,test_random,test_accuarcy,test_loss,acc_test_max_dif
1,0.0027071650144061036,0.001,0.5145181179254934,0.004537084653539303,0.5101059952131194,0.0027117773950001123,0,0.5072657988882804,0.49273420111171967,0.0027250825421796508,0
1,0.0027071650144061036,0.001,0.5145181179254934,0.004537084653539303,0.5101059952131194,0.0027117773950001123,0,0.5072657988882804,0.49273420111171967,0.0027250825421796508,0
