epoch,loss,lr,train_accuracy,acc_train_max_diff,validation_accuracy,validation_loss,acc_val_max_diff,test_random,test_accuarcy,test_loss,acc_test_max_dif
1,0.0027077421281895713,0.001,0.5130223453492808,0.003041312077326719,0.5101059952131194,0.0027117148867789004,0,0.5072657988882804,0.49273420111171967,0.0027241630318483975,0
1,0.0027077421281895713,0.001,0.5130223453492808,0.003041312077326719,0.5101059952131194,0.0027117148867789004,0,0.5072657988882804,0.49273420111171967,0.0027241630318483975,0
2,0.002707818706725532,0.001,0.5111422615196607,0.003041312077326719,0.5095511815595425,0.0027114801223763153,0,0.5072657988882804,0.49273420111171967,0.0027232314815358763,0
2,0.002707818706725532,0.001,0.5111422615196607,0.003041312077326719,0.5095511815595425,0.0027114801223763153,0,0.5072657988882804,0.49273420111171967,0.0027232314815358763,0
3,0.0027076257143457644,0.001,0.510851954457734,0.003041312077326719,0.5105124284709722,0.0027112276031287024,0,0.5072657988882804,0.49273420111171967,0.002723463867621767,0
4,0.0027077934684466435,0.001,0.5111394966904995,0.003041312077326719,0.5098995529234164,0.002711420279708256,0,0.5072657988882804,0.49273420111171967,0.002723372556442729,0
