epoch,loss,lr,train_accuracy,acc_train_max_diff,validation_accuracy,validation_loss,acc_val_max_diff,test_random,test_accuarcy,test_loss,acc_test_max_dif
1,0.0027077421281895713,0.001,0.5130223453492808,0.003041312077326719,0.5101059952131194,0.0027117148867789004,0,0.5072657988882804,0.49273420111171967,0.0027241630318483975,0
1,0.0027077421281895713,0.001,0.5130223453492808,0.003041312077326719,0.5101059952131194,0.0027117148867789004,0,0.5072657988882804,0.49273420111171967,0.0027241630318483975,0
