epoch,loss,lr,train_accuracy,acc_train_max_diff,validation_accuracy,validation_loss,acc_val_max_diff,test_random,test_accuarcy,test_loss,acc_test_max_dif
1,0.0027055125117778534,0.001,0.5139430334599625,0.003962000188008408,0.5255633616546349,0.002699442712363022,0.015457366441515519,0.5072657988882804,0.5139547620989827,0.0027172708677220057,0.006688963210702337
1,0.0027055125117778534,0.001,0.5139430334599625,0.003962000188008408,0.5255633616546349,0.002699442712363022,0.015457366441515519,0.5072657988882804,0.5139547620989827,0.0027172708677220057,0.006688963210702337
2,0.002661525646719595,0.001,0.562772681276024,0.05255387269620615,0.5624713722606076,0.0026641171900353795,0.05292019070106513,0.5072657988882804,0.5480405066831366,0.0027049419543399536,0.04077470779485626
2,0.002661525646719595,0.001,0.562772681276024,0.05255387269620615,0.5624713722606076,0.0026641171900353795,0.05292019070106513,0.5072657988882804,0.5480405066831366,0.0027049419543399536,0.04077470779485626
3,0.002636455997167048,0.001,0.5786649192946368,0.0688580702598387,0.5524782751746695,0.0026820875722601664,0.05292019070106513,0.5072657988882804,0.5453369536084276,0.002721810978026543,0.04077470779485626
