epoch,loss,lr,train_accuracy,acc_train_max_diff,validation_accuracy,validation_loss,acc_val_max_diff,test_random,test_accuarcy,test_loss,acc_test_max_dif
1,0.0026992788373447394,0.001,0.528704456351642,0.018723423079687884,0.5472139967872419,0.002685884308188836,0.03710800157412253,0.5072657988882804,0.5329495530980155,0.0027074850753157917,0.02568375420973512
1,0.0026992788373447394,0.001,0.528704456351642,0.018723423079687884,0.5472139967872419,0.002685884308188836,0.03710800157412253,0.5072657988882804,0.5329495530980155,0.0027074850753157917,0.02568375420973512
2,0.002641006823974122,0.001,0.5733149748677029,0.06309616628788506,0.5671808369944583,0.002657822824265385,0.05762965543491583,0.5072657988882804,0.5558481815109598,0.0027031469458727304,0.04858238262267944
2,0.002641006823974122,0.001,0.5733149748677029,0.06309616628788506,0.5671808369944583,0.002657822824265385,0.05762965543491583,0.5072657988882804,0.5558481815109598,0.0027031469458727304,0.04858238262267944
3,0.0026232074297340034,0.001,0.5828398113280581,0.07303296229325995,0.5494977646170818,0.002676920044860282,0.05762965543491583,0.5072657988882804,0.5518045051449081,0.002714428488198263,0.04858238262267944
