epoch,loss,lr,train_accuracy,acc_train_max_diff,validation_accuracy,validation_loss,acc_val_max_diff,test_random,test_accuarcy,test_loss,acc_test_max_dif
1,0.002695641560292081,0.001,0.5340287875033215,0.021616005398030103,0.5428332578633878,0.0026909525522580647,0.033209098192204516,0.50414922840172,0.5318203391293093,0.002718392182050729,0.02767111072758921
2,0.00264670976169888,0.001,0.5731406204748952,0.06072783836960384,0.5727123898429064,0.002655458747209096,0.06308823017172316,0.50414922840172,0.5493664696322503,0.0027013239838452213,0.04521724123053028
3,0.002623226580907305,0.001,0.5831407603795329,0.07102807086684693,0.5724934514852589,0.002651144453366784,0.06308823017172316,0.50414922840172,0.5514806345371129,0.002702148112291174,0.047331406135392884
4,0.002618987106007868,0.001,0.5846156602117407,0.07250297069905476,0.5704592320124839,0.002648684371974711,0.06308823017172316,0.50414922840172,0.5519840071335088,0.002698144345947971,0.04783477873178876
5,0.002606738812148862,0.001,0.5909153335841261,0.07880264407144011,0.5750989243716212,0.002641523857225458,0.06477456389678427,0.50414922840172,0.5552343558988078,0.0026940167498001183,0.05108512749708771
6,0.002604921424375147,0.001,0.5911452268778102,0.07903253736512428,0.5759836705121775,0.0026370292518148584,0.06565931003734049,0.50414922840172,0.5556945822726553,0.002698090700824711,0.051545353870935284
