epoch,loss,lr,train_accuracy,acc_train_max_diff,validation_accuracy,validation_loss,acc_val_max_diff,test_random,test_accuarcy,test_loss,acc_test_max_dif
1,0.002697568552557977,0.001,0.5276206433204492,0.017639610048495125,0.5488526324617597,0.002685414671331093,0.03874663724864036,0.5072657988882804,0.535921130830993,0.0027046672029259525,0.028655331942712636
1,0.002697568552557977,0.001,0.5276206433204492,0.017639610048495125,0.5488526324617597,0.002685414671331093,0.03874663724864036,0.5072657988882804,0.535921130830993,0.0027046672029259525,0.028655331942712636
2,0.0026427247288760454,0.001,0.5739757690372312,0.06375696045741341,0.5643680607972543,0.002662360079468888,0.054816879237711835,0.5072657988882804,0.5489960728560941,0.0027029424683161656,0.0417302739678137
2,0.0026427247288760454,0.001,0.5739757690372312,0.06375696045741341,0.5643680607972543,0.002662360079468888,0.054816879237711835,0.5072657988882804,0.5489960728560941,0.0027029424683161656,0.0417302739678137
3,0.0026285806102493967,0.001,0.5800915711418192,0.07028472210702108,0.5505235247440439,0.0026787323426055035,0.054816879237711835,0.5072657988882804,0.5498700663069698,0.002719241715899499,0.04260426741868939
4,0.0026243236006434443,0.001,0.5804261154703251,0.07035660766521235,0.5668711735599038,0.002658159015041896,0.05697162063648742,0.5072657988882804,0.5523638609534686,0.002716474355655601,0.04509806206518818
5,0.0026154996673046584,0.001,0.5837964422178353,0.07386241104162172,0.5618713993561582,0.002663704262705607,0.05697162063648742,0.5072657988882804,0.5553004789484111,0.002705053851358661,0.048034680060130674
