epoch,loss,lr,train_accuracy,acc_train_max_diff,validation_accuracy,validation_loss,acc_val_max_diff,test_random,test_accuarcy,test_loss,acc_test_max_dif
1,0.0027081673716988076,0.001,0.5101618812944922,0,0.5102618864681139,0.0027074019656232067,0,0.5073407557827416,0.4926592442172584,0.002713761943908582,0
1,0.0027081673716988076,0.001,0.5101618812944922,0,0.5102618864681139,0.0027074019656232067,0,0.5073407557827416,0.4926592442172584,0.002713761943908582,0
