epoch,loss,lr,train_accuracy,acc_train_max_diff,validation_accuracy,validation_loss,acc_val_max_diff,test_random,test_accuarcy,acc_test_max_dif
1,0.002706606288963554,0.001,0.5164424390216928,0.006461405749738747,0.5101059952131194,0.002710100367540415,0,0.5072657988882804,0.49273420111171967,0
1,0.002706606288963554,0.001,0.5164424390216928,0.006461405749738747,0.5101059952131194,0.002710100367540415,0,0.5072657988882804,0.49273420111171967,0
