epoch,loss,lr,train_accuracy,acc_train_max_diff,validation_accuracy,validation_loss,acc_val_max_diff,test_random,test_accuarcy,acc_test_max_dif
1,0.002706606288963554,0.001,0.5164424390216928,0.006461405749738747,0.5101059952131194,0.002710100367540415,0.0,0.5072657988882804,0.49273420111171967,0
1,0.002706606288963554,0.001,0.5164424390216928,0.006461405749738747,0.5101059952131194,0.002710100367540415,0.0,0.5072657988882804,0.49273420111171967,0
2,0.0027059664428595006,0.001,0.5173382436699236,0.007119435090105819,0.5093382879482862,0.0027097049589550307,0.0,0.5072657988882804,0.4925594024215445,0
2,0.0027059664428595006,0.001,0.5173382436699236,0.007119435090105819,0.5093382879482862,0.0027097049589550307,0.0,0.5072657988882804,0.4925594024215445,0
3,0.0027050074873045307,0.001,0.5173410084990848,0.007534159464286705,0.5123704090782997,0.0027092148086431548,0.0018579806073274474,0.5072657988882804,0.4961486021931409,0
3,0.0027050074873045307,0.001,0.5173410084990848,0.007534159464286705,0.5123704090782997,0.0027092148086431548,0.0018579806073274474,0.5072657988882804,0.4961486021931409,0
