epoch,loss,lr,train_accuracy,acc_train_max_diff,validation_accuracy,validation_loss,acc_val_max_diff,test_random,test_accuarcy,test_loss,acc_test_max_dif
1,0.0027065630263795695,0.001,0.5150130223453493,0.005031989073395193,0.5104479152554401,0.002710072694545867,0.00034192004232069806,0.5072657988882804,0.493911178958899,0.0027270060941517395,0
1,0.0027065630263795695,0.001,0.5150130223453493,0.005031989073395193,0.5104479152554401,0.002710072694545867,0.00034192004232069806,0.5072657988882804,0.493911178958899,0.0027270060941517395,0
2,0.0027057919545079067,0.001,0.516685743987879,0.006466935408061203,0.5113575515944441,0.0027093772347320864,0.0018063700349015832,0.5072657988882804,0.4949716243459616,0.0027254591364570084,0
2,0.0027057919545079067,0.001,0.516685743987879,0.006466935408061203,0.5113575515944441,0.0027093772347320864,0.0018063700349015832,0.5072657988882804,0.4949716243459616,0.0027254591364570084,0
3,0.0027052156820113883,0.001,0.5163041975636325,0.006497348528834435,0.5128607095163444,0.0027084675758812325,0.0023482810453722136,0.5072657988882804,0.4950298905760199,0.0027247075010001422,0
3,0.0027052156820113883,0.001,0.5163041975636325,0.006497348528834435,0.5128607095163444,0.0027084675758812325,0.0023482810453722136,0.5072657988882804,0.4950298905760199,0.0027247075010001422,0
4,0.002705465223376261,0.001,0.5159032973352576,0.006497348528834435,0.5134542310992407,0.0027089141025623317,0.003554678175824333,0.5072657988882804,0.4956591658606505,0.002724786959736562,0
