epoch,loss,lr,train_accuracy,acc_train_max_diff,validation_accuracy,validation_loss,acc_val_max_diff,test_random,test_accuarcy,test_loss,acc_test_max_dif
1,0.0027074676735906423,0.001,0.5093637766534859,0,0.5102618864681139,0.002707223500596769,0,0.5073407557827416,0.4926592442172584,0.002712797933418043,0
1,0.0027074676735906423,0.001,0.5093637766534859,0,0.5102618864681139,0.002707223500596769,0,0.5073407557827416,0.4926592442172584,0.002712797933418043,0
2,0.002707477892318632,0.001,0.5098270122143497,0,0.5110432483819297,0.0027070589030094333,0,0.5073407557827416,0.4926592442172584,0.002712695417547082,0
2,0.002707477892318632,0.001,0.5098270122143497,0,0.5110432483819297,0.0027070589030094333,0,0.5073407557827416,0.4926592442172584,0.002712695417547082,0
3,0.0027073270509795425,0.001,0.5106223262796883,0,0.5091875138366172,0.00270747463044523,0,0.5073407557827416,0.4926592442172584,0.002712966835504653,0
