epoch,loss,lr,train_accuracy,acc_train_max_diff,validation_accuracy,validation_loss,acc_val_max_diff,test_random,test_accuarcy,test_loss,acc_test_max_dif
1,0.00438779510137382,0.001,0.5153745331211541,0.0028900957493498414,0.5122644466891916,0.010246721401604587,0.002807481974293813,0.50414922840172,0.5055011433748975,0.0024396711419972877,0.0013519149731774371
1,0.00438779510137382,0.001,0.5153745331211541,0.0028900957493498414,0.5122644466891916,0.010246721401604587,0.002807481974293813,0.50414922840172,0.5055011433748975,0.0024396711419972877,0.0013519149731774371
