epoch,loss,lr,train_accuracy,acc_train_max_diff,validation_accuracy,validation_loss,acc_val_max_diff,test_random,test_accuarcy,test_loss,acc_test_max_dif
1,0.002668293249736347,0.001,0.5532461057141761,0.041775564212568006,0.5730102213670679,0.002655356233706741,0.06423032914208282,0.5071436881908086,0.5476556137289121,0.002707451855186254,0.040511925538103566
1,0.002668293249736347,0.001,0.5532461057141761,0.041775564212568006,0.5730102213670679,0.002655356233706741,0.06423032914208282,0.5071436881908086,0.5476556137289121,0.002707451855186254,0.040511925538103566
